{LISH,SHGA} => {ISHG};Overlapping
{DHGA,LLDH} => {LDHG};Overlapping
{ISHG,SHGA} => {LISH};Agrega +L
{ERGA,LLER} => {LERG};Overlapping
{EHGA,LLEH} => {LEHG};Overlapping
{EKGA,LLEK} => {LEKG};Overlapping
{GHLE,LEVV} => {HLEV};Overlapping
{ENGA,LLEN} => {LENG};Overlapping
{DAGA,LLDA} => {LDAG};Overlapping
{DHGA,LDHG} => {LLDH};Agrega +L
{HCAA,TPLH} => {LHCA};Overlapping
{GWTA,TALH} => {WTAL};Overlapping
{ENGA,LENG} => {LLEN};Agrega +L
{EHGA,LEHG} => {LLEH};Agrega +L
{ERGA,LERG} => {LLER};Agrega +L
{AGAD,EAGA,LLEA} => {LEAG};Overlapping
{EAGA,LLEA} => {LEAG};Overlapping
{EKGA,LEKG} => {LLEK};Agrega +L
{MLAA,TALM} => {LMLA};Overlapping
{ALML,TALM} => {LMLA};N/A
{ALHW,TALH} => {LHWA};N/A
{HWAA,TALH} => {LHWA};Overlapping
{HWAA,TPLH} => {LHWA};Overlapping
{GANV,NVNA} => {ANVN};Overlapping
{PLHW,TPLH} => {LHWA};Agrega +A
{ALHW} => {LHWA};N/A
{AGAD,LEAG,LLEA} => {EAGA};Overlapping
{DINA,GADI} => {ADIN};Overlapping
{DAGA,LDAG} => {LLDA};Agrega +L
{GWTP,TPLH} => {WTPL};Overlapping
{GNTP,LHLA,PLHL,TPLH} => {NTPL};Overlapping
{GNTP,PLHL,TPLH} => {NTPL};Overlapping
{GNTP,LHLA,PLHL} => {NTPL};Overlapping
{GNTP,LHLA,TPLH} => {NTPL};Overlapping
{ALML,LMLA} => {TALM};Agrega +T
{GNTP,PLHL} => {NTPL};Overlapping
{GNTP,TALH,TPLH} => {NTPL};Overlapping
{GNTP,TPLH} => {NTPL};Overlapping
{GNTP,LHLA} => {NTPL};Overlapping
{AGAD,EAGA,LEAG} => {LLEA};Agrega +L
{EAGA,LEAG} => {LLEA};Agrega +L
{AGAD,LEAG} => {LLEA};Agrega +L
{GNTA,LHLA,TALH} => {NTAL};Overlapping
{ALHL,GNTA,LHLA,TALH} => {NTAL};Overlapping
{ALHL,GNTA,TALH} => {NTAL};Overlapping
{GNTA,TALH,TPLH} => {NTAL};Overlapping
{GNTA,TALH} => {NTAL};Overlapping
{ALHL,GNTA,LHLA} => {NTAL};Overlapping
{ALHL,GNTA} => {NTAL};Overlapping
{DGRT,RTAL} => {GRTA};Overlapping
{HVAA,PLHV,TPLH} => {LHVA};Overlapping
{HVAA,PLHV} => {LHVA};Overlapping
{ALHV,HVAA,TALH} => {LHVA};Overlapping
{ALHV,HVAA} => {LHVA};Overlapping
{LHLA,PLHL,PLHV} => {LHVA};N/A
{PLHL,PLHV,TPLH} => {LHVA};Agrega +A
{PLHV,TALH,TPLH} => {LHVA};N/A
{PLHL,PLHV} => {LHVA};Agrega +A
{LHLA,PLHV,TPLH} => {LHVA};N/A
{ALHV,TALH,TPLH} => {LHVA};N/A
{ALHV,TPLH} => {LHVA};N/A
{GRTA,TALH} => {RTAL};Overlapping
{GRTA,TALM} => {RTAL};Overlapping
{GRTA,TALH,TPLH} => {RTAL};Overlapping
{LHLA,PLHV} => {LHVA};N/A
{PLHV,TALH} => {LHVA};N/A
{HVAA,LHLA,TALH} => {LHVA};Overlapping
{PLHV,TPLH} => {LHVA};Agrega +A
{ALHI,HIAA,TALH} => {LHIA};Overlapping
{HIAA,PLHI,TPLH} => {LHIA};Overlapping
{HIAA,PLHI} => {LHIA};Overlapping
{ALHI,HIAA} => {LHIA};Overlapping
{ALHY,HYAA} => {LHYA};Overlapping
{ALHY,HYAA,TALH} => {LHYA};Overlapping
{HYAA,PLHY} => {LHYA};Overlapping
{HYAA,PLHY,TPLH} => {LHYA};Overlapping
{KLLL,VVKL} => {VKLL};Overlapping
{GRTP,HLAA,TPLH} => {RTPL};Overlapping
{IVKL,KLLL} => {VKLL};Overlapping
{GRTP,LHLA,PLHL,TPLH} => {RTPL};Overlapping
{ELLL,GRTP} => {RTPL};N/A
{GRTP,TALH,TPLH} => {RTPL};Overlapping
{GRTP,LHLA,PLHL} => {RTPL};Overlapping
{GRTP,HLAA,LHLA} => {RTPL};Overlapping
{GRTP,LHLA,TALH} => {RTPL};Overlapping
{GRTP,PLHL,TPLH} => {RTPL};Overlapping
{GRTP,LHLA,TPLH} => {RTPL};Overlapping
{GRTP,LLLE} => {RTPL};Overlapping
{GRTP,HLAA} => {RTPL};N/A
{GRTP,PLHL} => {RTPL};Overlapping
{PLHI,TALH,TPLH} => {LHIA};N/A
{HIAA,TALH,TPLH} => {LHIA};Overlapping
{LHLA,PLHI,TPLH} => {LHIA};N/A
{HIAA,LHLA,TALH} => {LHIA};Overlapping
{HYAA,TALH} => {LHYA};Overlapping
{HIAA,TALH} => {LHIA};Overlapping
{HYAA,TALH,TPLH} => {LHYA};Overlapping
{PLHI,TALH} => {LHIA};N/A
{LHLA,PLHI} => {LHIA};N/A
{PLHI,PLHL} => {LHIA};Agrega +A
{HYAA,LHLA,TALH} => {LHYA};Overlapping
{ALHI,TALH,TPLH} => {LHIA};N/A
{PLHY,TALH,TPLH} => {LHYA};N/A
{PLHI,TPLH} => {LHIA};Agrega +A
{ALHY,TALH,TPLH} => {LHYA};N/A
{PLHY,TALH} => {LHYA};N/A
{DVNA,GADV} => {ADVN};Overlapping
{DVNA,GADV,TALH} => {ADVN};Overlapping
{DVNA,GADV,TPLH} => {ADVN};Overlapping
{ADPN,HGAD} => {GADP};Overlapping
{ADPN,AGAD} => {GADP};Overlapping
{ADVN,RGAD} => {GADV};Overlapping
{ADVN,HGAD} => {GADV};Overlapping
{ADVN,KGAD} => {GADV};Overlapping
{ADVN,NGAD} => {GADV};Overlapping
{ALHL,HLAA,PLHL} => {LHLA};Overlapping
{ALHL,HLAA,PLHL,TALH} => {LHLA};Overlapping
{ALHL,HLAA,PLHL,TPLH} => {LHLA};Overlapping
{HLAA,PLHL,SPLH} => {LHLA};Overlapping
{HLAV,PLHL,TPLH} => {LHLA};Overlapping
{HLAA,PLHL,TALH,TPLH} => {LHLA};Overlapping
{HLAA,LHIA,PLHL} => {LHLA};Overlapping
{HLAV,PLHL} => {LHLA};Overlapping
{HLAA,PLHL,TALH} => {LHLA};Overlapping
{ALHL,HLAA,TALH,TPLH} => {LHLA};Overlapping
{HLAA,PLHL,TPLH} => {LHLA};Overlapping
{ALHL,HLAA,TPLH} => {LHLA};Overlapping
{HLAA,PLHL} => {LHLA};Overlapping
{HLAA,LHVA,PLHL} => {LHLA};Overlapping
{HLAA,LHVA,PLHL,TPLH} => {LHLA};Overlapping
{HLAA,PLHL,RTPL} => {LHLA};Overlapping
{HLAC,PLHL} => {LHLA};Overlapping
{HLAA,PLHL,RTPL,TPLH} => {LHLA};Overlapping
{ALHL,HLAV,TALH} => {LHLA};Overlapping
{ALHL,HLAA,TALH} => {LHLA};Overlapping
{ALHL,HLAV} => {LHLA};Overlapping
{ALHL,PLHL,TALH} => {LHLA};Overlapping
{ALHL,PLHL,TALH,TPLH} => {LHLA};Overlapping
{ALHL,HLAA} => {LHLA};Overlapping
{ALHL,PLHL,TPLH} => {LHLA};Overlapping
{ALHL,PLHL} => {LHLA};Overlapping
{HLAA,LHVA,TALH,TPLH} => {LHLA};Overlapping
{HLAA,SPLH,TPLH} => {LHLA};Overlapping
{HLAA,LHVA,TALH} => {LHLA};Overlapping
{HLAA,QTPL,TPLH} => {LHLA};Overlapping
{HLAC,TALH} => {LHLA};Overlapping
{HLAA,TALH,TPLH} => {LHLA};Overlapping
{HLAV,TALH,TPLH} => {LHLA};Overlapping
{HLAA,NTPL,TPLH} => {LHLA};Overlapping
{HLAA,LHIA,TPLH} => {LHLA};Overlapping
{HLAA,LHIA,TALH} => {LHLA};Overlapping
{HLAA,SPLH} => {LHLA};Overlapping
{HLAA,LHVA,TPLH} => {LHLA};Overlapping
{PLHL,SPLH,TALH} => {LHLA};N/A
{HLAA,QTPL} => {LHLA};Overlapping
{ALHL,LHIA,TALH} => {LHLA};N/A
{HLAA,HVAA,TPLH} => {LHLA};Overlapping
{LHVA,PLHL,TALH,TPLH} => {LHLA};N/A
{GADV,HLAA,TALH} => {LHLA};Overlapping
{LHVA,PLHL,TALH} => {LHLA};N/A
{ALHL,LHIA} => {LHLA};N/A
{HLAC,TPLH} => {LHLA};Overlapping
{GRTP,HLAA,TPLH} => {LHLA};Overlapping
{GADV,HLAA,TPLH} => {LHLA};Overlapping
{PLHL,SPLH,TPLH} => {LHLA};Agrega +A
{LHIA,PLHL,TALH,TPLH} => {LHLA};N/A
{HLAA,RTAL,TALH} => {LHLA};Overlapping
{HLAA,RTPL,TALH} => {LHLA};Overlapping
{ELLL,PLHL,TPLH} => {LHLA};Agrega +A
{LHIA,PLHL,TALH} => {LHLA};N/A
{ALHL,LHVA,TALH} => {LHLA};N/A
{PLHL,QTPL,TPLH} => {LHLA};Agrega +A
{LHIA,PLHL,TPLH} => {LHLA};N/A
{HLAV,TALH} => {LHLA};Overlapping
{GNTP,NTPL,PLHL,TPLH} => {LHLA};Agrega +A
{ALHL,TALH,TPLH} => {LHLA};N/A
{HLAA,RTPL,TPLH} => {LHLA};Overlapping
{HLAA,LHYA,TALH} => {LHLA};Overlapping
{PLHL,TALH,TPLH} => {LHLA};N/A
{HIAA,PLHL,TPLH} => {LHLA};N/A
{GNTP,NTPL,PLHL} => {LHLA};Agrega +A
{HLAA,TALH} => {LHLA};Overlapping
{NTPL,PLHL,TPLH} => {LHLA};Agrega +A
{GNTP,PLHL,TPLH} => {LHLA};Agrega +A
{PLHI,PLHL,TPLH} => {LHLA};Agrega +A
{HLAA,NTPL} => {LHLA};Overlapping
{HLAA,LHIA} => {LHLA};N/A
{HIAA,LHIA,PLHL} => {LHLA};N/A
{HLAA,TPLH} => {LHLA};Overlapping
{HLAA,LHVA} => {LHLA};N/A
{ADVN,PLHL,TPLH} => {LHLA};Overlapping
{NTPL,PLHL} => {LHLA};Agrega +A
{LHIA,PLHL} => {LHLA};N/A
{HLAA,LHYA,TPLH} => {LHLA};Overlapping
{LTPL,PLHL,TPLH} => {LHLA};Agrega +A
{ALHL,NTAL,TALH} => {LHLA};N/A
{KLLL,PLHL,TPLH} => {LHLA};Agrega +A
{HIAA,PLHL} => {LHLA};N/A
{GNTP,PLHL} => {LHLA};Agrega +A
{PLHI,PLHL} => {LHLA};Agrega +A
{ALHL,GNTA,NTAL,TALH} => {LHLA};N/A
{PLHL,QTPL} => {LHLA};Agrega +A
{ALHL,LHVA} => {LHLA};N/A
{ALHL,GNTA,TALH} => {LHLA};N/A
{LHVA,PLHL,PLHV} => {LHLA};N/A
{ALHL,NTAL} => {LHLA};N/A
{ALHL,GNTA,NTAL} => {LHLA};N/A
{ELLL,PLHL} => {LHLA};Agrega +A
{ALHL,TPLH} => {LHLA};N/A
{HLAV,TPLH} => {LHLA};Overlapping
{PLHL,TALH} => {LHLA};N/A
{ALHL,RTAL,TALH} => {LHLA};N/A
{PLHL,RLLL,TPLH} => {LHLA};Agrega +A
{PLHL,SPLH} => {LHLA};Agrega +A
{LLLE,PLHL,TPLH} => {LHLA};Agrega +A
{HLAA,NTAL} => {LHLA};Overlapping
{GRTP,PLHL,RTPL,TPLH} => {LHLA};Agrega +A
{PLHL,RTPL,TPLH} => {LHLA};Agrega +A
{ALHL,GNTA} => {LHLA};N/A
{LHVA,PLHL,TPLH} => {LHLA};N/A
{PLHL,PLHV,TPLH} => {LHLA};Agrega +A
{ALHL,LHYA} => {LHLA};N/A
{ETPL,PLHL} => {LHLA};Agrega +A
{PLHL,PLHV} => {LHLA};Agrega +A
{LHVA,PLHL} => {LHLA};N/A
{ADVN,HLAA} => {LHLA};Agrega +L
{HIAA,HLAA} => {LHLA};Agrega +L
{GRTA,HLAA} => {LHLA};Agrega +L
{HVAA,PLHL,TPLH} => {LHLA};N/A
{HLAA,KLLL} => {LHLA};Overlapping
{LTPL,PLHL} => {LHLA};Agrega +A
{GRTP,PLHL,RTPL} => {LHLA};Agrega +A
{GADV,PLHL,TPLH} => {LHLA};N/A
{ALHL,RTAL} => {LHLA};N/A
{HVAA,PLHL} => {LHLA};N/A
{GADP,PLHL,TPLH} => {LHLA};N/A
{GRTP,PLHL,TPLH} => {LHLA};Agrega +A
{HLAA,RTAL} => {LHLA};Overlapping
{PLHL,RTPL} => {LHLA};Agrega +A
{PLHL,TPLH} => {LHLA};Agrega +A
{HLAA,HVAA} => {LHLA};Agrega +L
{HVAA,LHVA,PLHL} => {LHLA};N/A
{PLHL,RLLL} => {LHLA};Agrega +A
{HLAA,LHYA} => {LHLA};N/A
{HLAA,HYAA} => {LHLA};Agrega +L
{ADVN,PLHL} => {LHLA};Overlapping
{PLHL,VKLL} => {LHLA};Agrega +A
{GRTP,HLAA,RTPL} => {LHLA};Overlapping
{ALHL,GRTA} => {LHLA};N/A
{LLLE,PLHL} => {LHLA};Agrega +A
{GRTP,PLHL} => {LHLA};Agrega +A
{HLAA,LAAQ} => {LHLA};N/A
{ALHL,TALH} => {LHLA};N/A
{GRTP,HLAA} => {LHLA};Agrega +L
{LHYA,PLHL,TPLH} => {LHLA};N/A
{KLLL,PLHL} => {LHLA};Agrega +A
{HLAC} => {LHLA};Agrega +L
{HLAA,VKLL} => {LHLA};Overlapping
{GADV,PLHL} => {LHLA};N/A
{ALHL,GNTA,LHLA,NTAL} => {TALH};Overlapping
{ALHL,LHLA,NTAL} => {TALH};Overlapping
{ALHL,GNTA,NTAL} => {TALH};Overlapping
{ALHL,NTAL} => {TALH};Overlapping
{ALHL,GNTA,LHLA} => {TALH};Overlapping
{ALHL,GNTA} => {TALH};Overlapping
{ALHL,LHLA,RTAL} => {TALH};Overlapping
{ALHL,RTAL} => {TALH};Overlapping
{GNTA,LHLA,NTAL} => {TALH};Overlapping
{ALHL,GRTA} => {TALH};Overlapping
{ALHL,LHIA,LHLA} => {TALH};Agrega +T
{ALHL,LHIA} => {TALH};Agrega +T
{ALHL,LHLA,LHVA} => {TALH};Agrega +T
{ALHL,HLAA,PLHL} => {TALH};Agrega +T
{ALHL,HLAA,LHLA,PLHL} => {TALH};Agrega +T
{ALHY,LHLA} => {TALH};Agrega +T
{LHLA,NTAL,TPLH} => {TALH};Overlapping
{ALHL,LHLA,PLHL,TPLH} => {TALH};N/A
{ALHL,PLHL,TPLH} => {TALH};N/A
{LHLA,NTAL} => {TALH};Overlapping
{ALHL,LHLA,PLHL} => {TALH};Agrega +T
{ALHL,LHVA} => {TALH};Agrega +T
{ALHL,HLAA,LHLA,TPLH} => {TALH};N/A
{ALHL,PLHL} => {TALH};Agrega +T
{ALHL,HLAA,TPLH} => {TALH};N/A
{LHIA,RTAL} => {TALH};Overlapping
{ALHI,LHLA} => {TALH};Agrega +T
{ALHL,LHYA} => {TALH};Agrega +T
{GNTA,LHLA} => {TALH};Overlapping
{HLAA,LHLA,RTAL} => {TALH};Overlapping
{ALHL,HLAV,LHLA} => {TALH};Agrega +T
{HLAA,NTAL} => {TALH};Overlapping
{ALHI,HIAA,LHIA} => {TALH};Agrega +T
{LHIA,NTAL} => {TALH};Overlapping
{ALHL,HLAV} => {TALH};Agrega +T
{LHYA,RTAL} => {TALH};Overlapping
{ALHI,HIAA} => {TALH};Agrega +T
{ALHL,HLAA,LHLA} => {TALH};Agrega +T
{GNTA,LHLA,TPLH} => {TALH};Overlapping
{ALHL,HLAA} => {TALH};Agrega +T
{GNTP,LHLA,NTPL,PLHL} => {TPLH};Overlapping
{PLHL,YTPL} => {TPLH};Overlapping
{LHLA,NTPL,PLHL} => {TPLH};Overlapping
{LHLA,PLHL,QTPL} => {TPLH};Overlapping
{GNTP,NTPL,PLHL} => {TPLH};Overlapping
{PLHY,RTPL} => {TPLH};Overlapping
{NTPL,PLHL} => {TPLH};Overlapping
{GNTP,LHLA,PLHL} => {TPLH};Overlapping
{LHLA,LTPL,PLHL} => {TPLH};Overlapping
{GRTP,LHLA,PLHL,RTPL} => {TPLH};Overlapping
{HLAA,PLHL,RTPL} => {TPLH};Overlapping
{HLAA,LHLA,PLHL,RTPL} => {TPLH};Overlapping
{GNTP,PLHL} => {TPLH};Overlapping
{LHVA,PLHL,PLHV} => {TPLH};Agrega +T
{LHLA,PLHL,RTPL} => {TPLH};Overlapping
{GRTP,LHLA,PLHL} => {TPLH};Overlapping
{PLHL,QTPL} => {TPLH};Overlapping
{GRTP,PLHL,RTPL} => {TPLH};Overlapping
{LHLA,PLHL,PLHV} => {TPLH};Agrega +T
{PLHL,PLHV} => {TPLH};Agrega +T
{PLHL,RTPL} => {TPLH};Overlapping
{GRTP,PLHL} => {TPLH};Overlapping
{LTPL,PLHL} => {TPLH};Overlapping
{LHLA,PLHI,PLHL} => {TPLH};Agrega +T
{HLAA,LHVA,PLHL} => {TPLH};Agrega +T
{HLAA,LHLA,LHVA,PLHL} => {TPLH};Agrega +T
{LHLA,LHVA,PLHL,TALH} => {TPLH};N/A
{LHVA,PLHL,TALH} => {TPLH};N/A
{ALHL,HLAA,PLHL} => {TPLH};Agrega +T
{ALHL,HLAA,LHLA,PLHL} => {TPLH};Agrega +T
{PLHI,PLHL} => {TPLH};Agrega +T
{HVAA,LHVA,PLHL} => {TPLH};Agrega +T
{HVAA,LHLA,PLHL} => {TPLH};Agrega +T
{LHCA,PLHC} => {TPLH};Agrega +T
{LHLA,LHVA,PLHL} => {TPLH};Agrega +T
{HIAA,LHIA,PLHL} => {TPLH};Agrega +T
{LHVA,PLHL} => {TPLH};Agrega +T
{HVAA,PLHL} => {TPLH};Agrega +T
{HIAA,LHLA,PLHL} => {TPLH};Agrega +T
{LHLA,LHVA,PLHV} => {TPLH};Agrega +T
{HIAA,PLHL} => {TPLH};Agrega +T
{LHIA,LHLA,PLHL,TALH} => {TPLH};N/A
{GNTP,LHLA,NTPL} => {TPLH};Overlapping
{LHIA,PLHL,TALH} => {TPLH};N/A
{HLAA,LHLA,NTPL} => {TPLH};Overlapping
{LHIA,LHLA,PLHL} => {TPLH};Agrega +T
{PLHC} => {TPLH};Agrega +T
{ETPL,PLHL} => {TPLH};Overlapping
{PLHL,PLHY} => {TPLH};Agrega +T
{LHIA,PLHL} => {TPLH};Agrega +T
{LHLA,YTPL} => {TPLH};Overlapping
{LHLA,NTPL} => {TPLH};Overlapping
{ALHL,PLHL,TALH} => {TPLH};N/A
{ALHL,LHLA,PLHL,TALH} => {TPLH};N/A
{LHVA,PLHV,TALH} => {TPLH};N/A
{ALHL,LHLA,PLHL} => {TPLH};Agrega +T
{LHIA,PLHI,TALH} => {TPLH};N/A
{ALHL,PLHL} => {TPLH};Agrega +T
{HLAA,LHLA,QTPL} => {TPLH};Overlapping
{KLLL,LHLA,PLHL} => {TPLH};Agrega +T
{LHLA,PLHV} => {TPLH};Agrega +T
{LHLA,PLHY} => {TPLH};Agrega +T
{LHIA,LHLA,PLHI} => {TPLH};Agrega +T
{LHLA,LHYA,PLHY} => {TPLH};Agrega +T
{ADVN,LHLA,PLHL} => {TPLH};Agrega +T
{LHLA,LHYA,PLHL} => {TPLH};Agrega +T
{HLAV,LHLA,PLHL} => {TPLH};Agrega +T
{HLAV,PLHL} => {TPLH};Agrega +T
{PLHI,TALH} => {TPLH};N/A
{GNTP,LHLA} => {TPLH};Overlapping
{GADV,LHLA,PLHL} => {TPLH};Agrega +T
{LHLA,PLHI} => {TPLH};Agrega +T
{HLAA,LHLA,PLHL,TALH} => {TPLH};N/A
{HLAA,PLHL,TALH} => {TPLH};N/A
{LHLA,QTPL,TALH} => {TPLH};Overlapping
{LHCA,LHLA} => {TPLH};Agrega +TP
{HLAA,NTPL} => {TPLH};Overlapping
{HIAA,LHIA,PLHI} => {TPLH};Agrega +T
{HIAA,PLHI} => {TPLH};Agrega +T
{LHYA,PLHL} => {TPLH};Agrega +T
{HLAA,QTPL} => {TPLH};Overlapping
{LHVA,RTPL} => {TPLH};Overlapping
{LHLA,QTPL} => {TPLH};Overlapping
{ELLL,LHLA,PLHL} => {TPLH};Agrega +T
{LHLA,PLHL,TALH} => {TPLH};N/A
{HVAA,LHVA,PLHV} => {TPLH};Agrega +T
{HLAA,LHLA,PLHL} => {TPLH};Agrega +T
{HLAA,PLHL} => {TPLH};Agrega +T
{GADP,LHLA,PLHL} => {TPLH};Agrega +T
{HVAA,PLHV} => {TPLH};Agrega +T
{LHWA,PLHW} => {TPLH};Agrega +T
{GADV,PLHL} => {TPLH};Agrega +T
{LHLA,LLLE,PLHL} => {TPLH};Agrega +T
{LHIA,PLHI} => {TPLH};Agrega +T
{PLHV,TALH} => {TPLH};N/A
