LHIA	8634
VVKL	2286
RTAL	7006
LEHG	1899
ALHL	5386
LISH	3750
LEKG	2200
GADP	8757
ELLL	8162
HLEV	2897
NGAD	4225
LHLA	14538
RGAD	3250
LHYA	7976
IVKL	2547
WTPL	4219
EHGA	2484
PLHC	1587
KGAD	3988
PLHV	4014
SPLH	3815
LLEK	3707
HCAA	1568
LHWA	3824
DAGA	2824
LDHG	1542
LLLE	8085
GNTA	4253
ALHW	1641
HLAV	3580
HIAA	5248
ERGA	2033
PLHI	4070
YTPL	3530
ADVN	9404
ADIN	4538
DGRT	2622
PLHL	8445
HLAA	8459
ISHG	3534
EAGA	3718
HWAA	2509
ALML	2401
LAAQ	2651
GANV	5023
LLER	2875
GADV	11459
HLAC	2041
KLLL	8461
GNTP	3879
PLHY	3973
LHVA	6807
TALH	20920
DVNA	5446
DHGA	1709
LLEN	2831
GRTA	5866
GRTP	5875
ALHV	2348
LENG	1919
MLAA	2338
GHLE	5103
QTPL	4187
LMLA	3846
HVAA	4460
LLEH	2827
ENGA	2575
ALHI	4163
LEAG	2950
LEVV	3311
LLDH	2311
LDAG	2431
RTPL	7859
LHCA	2463
ADPN	4787
EKGA	2538
PLHW	1923
DINA	2993
ANVN	4032
GWTP	3632
GWTA	3482
HYAA	5083
SHGA	4532
ALHY	3875
LERG	1743
AGAD	7545
NTAL	4746
LLDA	3763
ETPL	4464
LLEA	4757
NVNA	1912
LTPL	4623
WTAL	3674
TPLH	26473
TALM	9041
HGAD	5881
NTPL	4559
GADI	6930
VKLL	7771
RLLL	6579
